Workbook

Sheet Departments
A1: DepartmentID | B1: DepartmentName
A2: 1 | B2: IT
A3: 2 | B3: HR
A4: 3 | B4: Operations
A5: 4 | B5: Finance
A6: 5 | B6: Administration

Sheet Employees
A1: EmployeeID | B1: EmployeeName | C1: DepartmentID | D1: JoinDate | E1: Status
A2: 101 | B2: Rahul Sharma | C2: 1 | D2: 44571 | E2: Active
A3: 102 | B3: Ananya Patel | C3: 3 | D3: 44505 | E3: Active
A4: 103 | B4: Mohit Verma | C4: 2 | D4: 44030 | E4: Active
A5: 104 | B5: Pooja Mehta | C5: 4 | D5: 44986 | E5: Active
A6: 105 | B6: Kunal Shah | C6: 3 | D6: 43733 | E6: Inactive
A7: 106 | B7: Sneha Iyer | C7: 1 | D7: 44727 | E7: Active
A8: 107 | B8: Amit Joshi | C8: 5 | D8: 44247 | E8: Active
A9: 108 | B9: Neha Desai | C9: 3 | D9: 44175 | E9: Active
A10: 109 | B10: Rohan Mehta | C10: 4 | D10: 43326 | E10: Inactive
A11: 110 | B11: Priya Nair | C11: 2 | D11: 44809 | E11: Active

Sheet Attendance
A1: AttendanceID | B1: EmployeeID | C1: AttendanceDate | D1: Status | E1: HoursWorked | F1: DepartmentID | G1: DepartmentName
A2: 1 | B2: 101 | C2: 45293 | D2: Present | E2: 8 | F2: =VLOOKUP(B2, Employees!A:C, 3, FALSE) -> 1 | G2: =VLOOKUP(F2, Departments!A:B, 2, FALSE) -> IT
A3: 2 | B3: 101 | C3: 45294 | D3: Present | E3: 8 | F3: =VLOOKUP(B3, Employees!A:C, 3, FALSE) -> 1 | G3: =VLOOKUP(F3, Departments!A:B, 2, FALSE) -> IT
A4: 3 | B4: 101 | C4: 45295 | D4: Absent | E4: 0 | F4: =VLOOKUP(B4, Employees!A:C, 3, FALSE) -> 1 | G4: =VLOOKUP(F4, Departments!A:B, 2, FALSE) -> IT
A5: 4 | B5: 102 | C5: 45293 | D5: Present | E5: 7.5 | F5: =VLOOKUP(B5, Employees!A:C, 3, FALSE) -> 3 | G5: =VLOOKUP(F5, Departments!A:B, 2, FALSE) -> Operations
A6: 5 | B6: 102 | C6: 45294 | D6: Present | E6: 8 | F6: =VLOOKUP(B6, Employees!A:C, 3, FALSE) -> 3 | G6: =VLOOKUP(F6, Departments!A:B, 2, FALSE) -> Operations
A7: 6 | B7: 102 | C7: 45295 | D7: Leave | E7: 0 | F7: =VLOOKUP(B7, Employees!A:C, 3, FALSE) -> 3 | G7: =VLOOKUP(F7, Departments!A:B, 2, FALSE) -> Operations
A8: 7 | B8: 103 | C8: 45293 | D8: Present | E8: 8 | F8: =VLOOKUP(B8, Employees!A:C, 3, FALSE) -> 2 | G8: =VLOOKUP(F8, Departments!A:B, 2, FALSE) -> HR
A9: 8 | B9: 103 | C9: 45294 | D9: Present | E9: 7.5 | F9: =VLOOKUP(B9, Employees!A:C, 3, FALSE) -> 2 | G9: =VLOOKUP(F9, Departments!A:B, 2, FALSE) -> HR
A10: 9 | B10: 103 | C10: 45295 | D10: Present | E10: 8 | F10: =VLOOKUP(B10, Employees!A:C, 3, FALSE) -> 2 | G10: =VLOOKUP(F10, Departments!A:B, 2, FALSE) -> HR
A11: 10 | B11: 104 | C11: 45293 | D11: Leave | E11: 0 | F11: =VLOOKUP(B11, Employees!A:C, 3, FALSE) -> 4 | G11: =VLOOKUP(F11, Departments!A:B, 2, FALSE) -> Finance
A12: 11 | B12: 104 | C12: 45294 | D12: Present | E12: 8 | F12: =VLOOKUP(B12, Employees!A:C, 3, FALSE) -> 4 | G12: =VLOOKUP(F12, Departments!A:B, 2, FALSE) -> Finance
A13: 12 | B13: 105 | C13: 45293 | D13: Absent | E13: 0 | F13: =VLOOKUP(B13, Employees!A:C, 3, FALSE) -> 3 | G13: =VLOOKUP(F13, Departments!A:B, 2, FALSE) -> Operations
... A37: 36 | B37: 110 | C37: 45355 | D37: Present | E37: 8 | F37: =VLOOKUP(B37, Employees!A:C, 3, FALSE) -> 2 | G37: =VLOOKUP(F37, Departments!A:B, 2, FALSE) -> HR

Sheet WorkLog
A1: WorkLogID | B1: EmployeeID | C1: WorkDate | D1: TaskCount | E1: DepartmentID | F1: DepartmentName
A2: 1 | B2: 101 | C2: 45293 | D2: 6 | E2: 1 | F2: =VLOOKUP(E:E,Departments!A:B,2,) -> IT
A3: 2 | B3: 102 | C3: 45293 | D3: 4 | E3: 3 | F3: =VLOOKUP(E:E,Departments!A:B,2,) -> Operations
A4: 3 | B4: 103 | C4: 45293 | D4: 5 | E4: 2 | F4: =VLOOKUP(E:E,Departments!A:B,2,) -> HR
A5: 4 | B5: 104 | C5: 45293 | D5: 3 | E5: 4 | F5: =VLOOKUP(E:E,Departments!A:B,2,) -> Finance
A6: 5 | B6: 106 | C6: 45293 | D6: 7 | E6: 1 | F6: =VLOOKUP(E:E,Departments!A:B,2,) -> IT
A7: 6 | B7: 107 | C7: 45293 | D7: 4 | E7: 5 | F7: =VLOOKUP(E:E,Departments!A:B,2,) -> Administration
A8: 7 | B8: 108 | C8: 45293 | D8: 6 | E8: 3 | F8: =VLOOKUP(E:E,Departments!A:B,2,) -> Operations
A9: 8 | B9: 110 | C9: 45293 | D9: 5 | E9: 2 | F9: =VLOOKUP(E:E,Departments!A:B,2,) -> HR
A10: 9 | B10: 101 | C10: 45327 | D10: 7 | E10: 1 | F10: =VLOOKUP(E:E,Departments!A:B,2,) -> IT
A11: 10 | B11: 102 | C11: 45327 | D11: 5 | E11: 3 | F11: =VLOOKUP(E:E,Departments!A:B,2,) -> Operations
A12: 11 | B12: 103 | C12: 45327 | D12: 6 | E12: 2 | F12: =VLOOKUP(E:E,Departments!A:B,2,) -> HR
A13: 12 | B13: 104 | C13: 45327 | D13: 4 | E13: 4 | F13: =VLOOKUP(E:E,Departments!A:B,2,) -> Finance
... A16: 15 | B16: 110 | C16: 45355 | D16: 5 | E16: 2 | F16: =VLOOKUP(E:E,Departments!A:B,2,) -> HR
